"02/17/2017","-1.01","*","","PURCHASE AUTHORIZED ON 02/17 THE FRESH MARKET I CHARLOTTE NC P00307048827394892 CARD 1412"
"02/17/2017","-6.50","*","","PURCHASE AUTHORIZED ON 02/16 TRADER JOE'S #744 CHARLOTTE NC S387047784628755 CARD 1412"
"02/17/2017","199.00","*","","SCHWAB BANK P2P 170217 JESSICA BATTLE JESSICA BATTLE"
"02/16/2017","-15.05","*","","PURCHASE AUTHORIZED ON 02/16 SHELL Service Station CHARLOTTE NC P00387048041758569 CARD 1412"
"02/16/2017","-20.37","*","","PURCHASE AUTHORIZED ON 02/16 Barnes and Nobl 4020 S Charlotte TX P00307047839287040 CARD 1412"
"02/16/2017","-2.05","*","","PURCHASE AUTHORIZED ON 02/15 MCDONALD'S F13052 CHARLOTTE NC S307046661610143 CARD 1412"
"02/16/2017","-5.58","*","","PURCHASE AUTHORIZED ON 02/15 HARRIS TEETER #370 FORT MILL SC S307046626604555 CARD 1412"
"02/16/2017","-4.89","*","","PURCHASE AUTHORIZED ON 02/14 WENDYS 57 FORT MILL SC S307045624212363 CARD 1412"
"02/16/2017","125.00","*","","ATM CHECK DEPOSIT ON 02/16 801 KENILWORTH AVE CHARLOTTE NC 0008797 ATM ID 6708C CARD 1412"
"02/15/2017","-9.64","*","","PURCHASE AUTHORIZED ON 02/15 WHOLEFDS APK #10 6610 CHARLOTTE NC P00387046651450773 CARD 1412"
"02/15/2017","-3.66","*","","PURCHASE AUTHORIZED ON 02/14 QT 1075 9701 FORT MILL SC S467045634052854 CARD 1412"
"02/15/2017","-4.24","*","","PURCHASE AUTHORIZED ON 02/13 BOJANGLES 941 0100 FORT MILL SC S587045010767378 CARD 1412"
"02/15/2017","-3.70","*","","PURCHASE AUTHORIZED ON 02/13 COOK OUT ROCK HILL SC S467044653664509 CARD 1412"
"02/14/2017","-6.32","*","","PURCHASE AUTHORIZED ON 02/14 Wal-Mart Super Center TEGA CAY SC P00000000675747703 CARD 1412"
"02/14/2017","-2.77","*","","PURCHASE AUTHORIZED ON 02/13 QT 1077 9701 FORT MILL SC S467044664997235 CARD 1412"
"02/14/2017","-5.99","*","","PURCHASE AUTHORIZED ON 02/13 APL* ITUNES.COM/BI 866-712-7753 CA S387044480297976 CARD 1412"
"02/14/2017","-1.63","*","","PURCHASE AUTHORIZED ON 02/12 HAWTHORNE'S NEW YO CHARLOTTE NC S387043643260133 CARD 1412"
"02/14/2017","-7.52","*","","PURCHASE AUTHORIZED ON 02/12 VIVA CHICKEN CHARLOTTE NC S467043594732109 CARD 1412"
"02/13/2017","-15.00","*","","PURCHASE AUTHORIZED ON 02/12 SHELL Service Station CHARLOTTE NC P00467043544040238 CARD 1412"
"02/13/2017","-12.23","*","","PURCHASE AUTHORIZED ON 02/12 HARRIS TE 500 MERCANTI FORT MILL SC P00000000952517782 CARD 1412"
"02/13/2017","-4.07","*","","PURCHASE AUTHORIZED ON 02/11 TRADER JOE'S #744 CHARLOTTE NC S307043056302551 CARD 1412"
"02/13/2017","-4.87","*","","PURCHASE AUTHORIZED ON 02/11 SQ *THE SECRET CHO CHARLOTTE NC S467042831428860 CARD 1412"
"02/13/2017","-1.72","*","","PURCHASE AUTHORIZED ON 02/11 HARRIS TEETER #0 1227 CHARLOTTE NC P00307042783461003 CARD 1412"
"02/13/2017","-1.60","*","","PURCHASE AUTHORIZED ON 02/11 TRADER JOE'S #744 CHARLOTTE NC S467042709291431 CARD 1412"
"02/13/2017","-6.48","*","","PURCHASE AUTHORIZED ON 02/11 SUBWAY 0027 CHARLOTTE NC S307042551995719 CARD 1412"
"02/13/2017","-1.95","*","","PURCHASE AUTHORIZED ON 02/10 CHIPOTLE 1584 CHARLOTTE NC S467042002193766 CARD 1412"
"02/13/2017","-1.52","*","","PURCHASE AUTHORIZED ON 02/11 EARL'S GROCERY CHARLOTTE NC S587041826035738 CARD 1412"
"02/13/2017","-4.07","*","","PURCHASE AUTHORIZED ON 02/10 TRADER JOE'S #744 CHARLOTTE NC S587041697944247 CARD 1412"
"02/13/2017","-1.72","*","","PURCHASE AUTHORIZED ON 02/11 EARL'S GROCERY CHARLOTTE NC S467041644665075 CARD 1412"
"02/13/2017","-1.00","*","","PURCHASE AUTHORIZED ON 02/10 CDOT/IPS METERS CHARLOTTE NC S307041538449530 CARD 1412"
"02/13/2017","-3.91","*","","PURCHASE AUTHORIZED ON 02/10 HARDEE'S 1505952 FORT MILL SC S587041501368283 CARD 1412"
"02/13/2017","-6.70","*","","PURCHASE AUTHORIZED ON 02/09 WENDYS 19 CHARLOTTE NC S467040628081220 CARD 1412"
"02/13/2017","-1.62","*","","PURCHASE AUTHORIZED ON 02/09 STARBUCKS STORE 10 CHARLOTTE NC S307040535955421 CARD 1412"
"02/13/2017","75.00","*","","ATM CHECK DEPOSIT ON 02/12 712 TYVOLA RD CHARLOTTE NC 0005140 ATM ID 0587D CARD 1412"
"02/10/2017","-15.02","*","","PURCHASE AUTHORIZED ON 02/10 SHELL Service Station CHARLOTTE NC P00387041520933092 CARD 1412"
"02/10/2017","-6.79","*","","PURCHASE AUTHORIZED ON 02/09 TRADER JOE'S #744 CHARLOTTE NC S467040683704313 CARD 1412"
"02/10/2017","-1.41","*","","PURCHASE AUTHORIZED ON 02/09 CHIPOTLE 0857 CHARLOTTE NC S467040667729816 CARD 1412"
"02/09/2017","-2.05","*","","PURCHASE AUTHORIZED ON 02/08 EINSTEIN BROTHER B CHARLOTTE NC S307039430752111 CARD 1412"
"02/09/2017","-3.06","*","","PURCHASE AUTHORIZED ON 02/07 DEAN & DELUCA #300 CHARLOTTE NC S587039003470934 CARD 1412"
"02/09/2017","-4.57","*","","PURCHASE AUTHORIZED ON 02/07 COOK OUT ROCK HILL SC S307038692116417 CARD 1412"
"02/09/2017","-1.64","*","","PURCHASE AUTHORIZED ON 02/07 STARBUCKS STORE 09 ROCK HILL SC S587038415124944 CARD 1412"
"02/08/2017","-11.96","*","","PURCHASE AUTHORIZED ON 02/08 HARRIS TE 500 MERCANTI FORT MILL SC P00000000945111027 CARD 1412"
"02/08/2017","-2.13","*","","PURCHASE AUTHORIZED ON 02/07 HARRIS TEETER #370 FORT MILL SC S587038678278208 CARD 1412"
"02/07/2017","-15.00","*","","PURCHASE AUTHORIZED ON 02/07 HARRIS TEETER #3 500 M FORT MILL SC P00387038681170073 CARD 1412"
"02/07/2017","-7.52","*","","PURCHASE AUTHORIZED ON 02/06 VIVA CHICKEN CHARLOTTE NC S307037750674035 CARD 1412"
"02/06/2017","-10.03","*","","PURCHASE AUTHORIZED ON 02/06 CRACKER BARREL # 295 C FORT MILL SC P00467037450274343 CARD 1412"
"02/06/2017","-6.80","*","","PURCHASE AUTHORIZED ON 02/05 TRADER JOE'S #744 CHARLOTTE NC S307036622139380 CARD 1412"
"02/06/2017","-11.25","*","","PURCHASE AUTHORIZED ON 02/04 AMC CAROLINA PAV # CHARLOTTE NC S387036033821271 CARD 1412"
"02/06/2017","-3.21","*","","PURCHASE AUTHORIZED ON 02/04 THE FRESH MARKET I CHARLOTTE NC P00307036004288090 CARD 1412"
"02/06/2017","-47.18","*","","PURCHASE AUTHORIZED ON 02/04 GO0005 VALVOLINE I CHARLOTTE NC S387035771137681 CARD 1412"
"02/06/2017","-1.62","*","","PURCHASE AUTHORIZED ON 02/04 BOJANGLES 941 0100 FORT MILL SC S307035595569071 CARD 1412"
"02/06/2017","-10.02","*","","PURCHASE AUTHORIZED ON 02/04 QUIKTRIP CORPOR FORT MILL SC P00000000085038423 CARD 1412"
"02/06/2017","-25.00","*","","RECURRING TRANSFER TO BATTLE J WAY2SAVE SAVINGS REF #OP035HMNDB XXXXXX5176"
"02/06/2017","-3.99","*","","PURCHASE AUTHORIZED ON 02/03 HARRIS TEETER #370 FORT MILL SC S467035081378456 CARD 1412"
"02/06/2017","-1.34","*","","PURCHASE AUTHORIZED ON 02/04 POTBELLY #530 CHARLOTTE NC S307035036009517 CARD 1412"
"02/06/2017","-0.65","*","","PURCHASE AUTHORIZED ON 02/03 CITY OF CHARLOTTE CHARLOTTE NC S467034806094863 CARD 1412"
"02/06/2017","-4.07","*","","PURCHASE AUTHORIZED ON 02/03 TRADER JOE'S #744 CHARLOTTE NC S587034781521981 CARD 1412"
"02/06/2017","-1.41","*","","PURCHASE AUTHORIZED ON 02/03 CHIPOTLE 0857 CHARLOTTE NC S467034723849811 CARD 1412"
"02/06/2017","-4.21","*","","PURCHASE AUTHORIZED ON 02/03 BOJANGLES 797 0100 CHARLOTTE NC S587034541938560 CARD 1412"
"02/06/2017","-1.62","*","","PURCHASE AUTHORIZED ON 02/03 BOJANGLES 941 0100 FORT MILL SC S307034437989817 CARD 1412"
"02/06/2017","-3.07","*","","PURCHASE AUTHORIZED ON 02/02 FEDEXOFFICE 0004 CHARLOTTE NC S387034091628351 CARD 1412"
"02/06/2017","-1.79","*","","PURCHASE AUTHORIZED ON 02/02 STARBUCKS STORE 02 CHARLOTTE NC S387033642838549 CARD 1412"
"02/06/2017","-1.62","*","","PURCHASE AUTHORIZED ON 02/02 STARBUCKS STORE 19 CHARLOTTE NC S587033533261423 CARD 1412"
"02/06/2017","25.00","*","","ONLINE TRANSFER FROM BATTLE J WAY2SAVE SAVINGS XXXXXX5176 REF #IB035JCP9H ON 02/04/17"
"02/06/2017","150.00","*","","ATM CHECK DEPOSIT ON 02/05 712 TYVOLA RD CHARLOTTE NC 0009279 ATM ID 0392S CARD 1412"
"02/03/2017","-5.34","*","","PURCHASE AUTHORIZED ON 02/03 OFFICE DEPOT 00 1620 S CHARLOTTE NC P00387034624500105 CARD 1412"
"02/03/2017","-10.00","*","","PURCHASE AUTHORIZED ON 02/03 QUIKTRIP CORPOR FORT MILL SC P00000000781980232 CARD 1412"
"02/03/2017","-4.80","*","","PURCHASE AUTHORIZED ON 02/02 HARRIS TEETER #370 FORT MILL SC S307034132183313 CARD 1412"
"02/03/2017","-4.27","*","","PURCHASE AUTHORIZED ON 02/02 HARRIS TEETER #370 FORT MILL SC S307034084175011 CARD 1412"
"02/03/2017","-1.95","*","","PURCHASE AUTHORIZED ON 02/02 CHIPOTLE 1584 CHARLOTTE NC S467034057800518 CARD 1412"
"02/03/2017","-4.87","*","","PURCHASE AUTHORIZED ON 02/02 SQ *THE SECRET CHO CHARLOTTE NC S387033832387021 CARD 1412"
"02/03/2017","-4.07","*","","PURCHASE AUTHORIZED ON 02/02 TRADER JOE'S #744 CHARLOTTE NC S307033760621431 CARD 1412"
"02/02/2017","-21.96","*","","PURCHASE AUTHORIZED ON 02/02 MICHAELS STORES INC202 CHARLOTTE NC P00000000285874225 CARD 1412"
"02/02/2017","-10.00","*","","PURCHASE AUTHORIZED ON 02/02 HARRIS TEETER #3 500 M FORT MILL SC P00467033509430790 CARD 1412"
"02/02/2017","-1.95","*","","PURCHASE AUTHORIZED ON 02/01 CHIPOTLE 1584 CHARLOTTE NC S387033065708129 CARD 1412"
"02/02/2017","-6.50","*","","PURCHASE AUTHORIZED ON 02/01 TRADER JOE'S #742 CHARLOTTE NC S307032624802388 CARD 1412"
"02/02/2017","-4.24","*","","PURCHASE AUTHORIZED ON 01/31 BOJANGLES 941 0100 FORT MILL SC S467031684202038 CARD 1412"
"02/02/2017","150.00","*","","ATM CHECK DEPOSIT ON 02/02 801 KENILWORTH AVE CHARLOTTE NC 0006227 ATM ID 6708C CARD 1412"
"02/01/2017","-5.68","*","","PURCHASE AUTHORIZED ON 01/31 HARRIS TEETER #370 FORT MILL SC S307032047937993 CARD 1412"
"02/01/2017","-3.70","*","","PURCHASE AUTHORIZED ON 01/30 COOK OUT ROCK HILL SC S387031041426218 CARD 1412"
"02/01/2017","-37.19","*","","PURCHASE AUTHORIZED ON 01/30 SPIRIT AIRL 487014 800-7727117 FL S467030696708638 CARD 1412"
"01/31/2017","-10.06","*","","PURCHASE AUTHORIZED ON 01/31 HARRIS TEETER #3 500 M FORT MILL SC P00587032043070154 CARD 1412"
"01/31/2017","-15.24","*","","PURCHASE WITH CASH BACK $ 6.20 AUTHORIZED ON 01/31 USPS PO 45306009 201 T FORT MILL SC P00467031525722831 CARD 1412"
"01/31/2017","-66.20","*","","PURCHASE AUTHORIZED ON 01/30 FRONTIER AI BB2Z2K 720-3744390 CO S387030706750795 CARD 1412"
"01/31/2017","-1.01","*","","PURCHASE AUTHORIZED ON 01/30 EARL'S GROCERY CHARLOTTE NC S387029671942506 CARD 1412"
"01/30/2017","-2.44","*","","PURCHASE AUTHORIZED ON 01/29 FEDEXOFFICE 0004 CHARLOTTE NC S467029748010535 CARD 1412"
"01/30/2017","-6.17","*","","PURCHASE AUTHORIZED ON 01/29 POTBELLY #530 CHARLOTTE NC S387029631977347 CARD 1412"
"01/30/2017","-3.63","*","","PURCHASE AUTHORIZED ON 01/29 HARRIS TE 5030 PARK RD CHARLOTTE NC P00000000471725698 CARD 1412"
"01/30/2017","-39.00","*","","RECURRING PAYMENT AUTHORIZED ON 01/29 SAFARI BKS ONLINE- 800-775-7330 MA S467029168377691 CARD 1412"
"01/30/2017","-6.95","*","","PURCHASE AUTHORIZED ON 01/28 SQ *SABOR LATIN ST CHARLOTTE NC S587028764018990 CARD 1412"
"01/30/2017","-4.87","*","","PURCHASE AUTHORIZED ON 01/28 SQ *THE SECRET CHO CHARLOTTE NC S307028719190994 CARD 1412"
"01/30/2017","-2.78","*","","PURCHASE AUTHORIZED ON 01/29 EARL'S GROCERY CHARLOTTE NC S307028678085696 CARD 1412"
"01/30/2017","-15.01","*","","PURCHASE AUTHORIZED ON 01/28 CIRCLE K # 23964 935 C CHARLOTTE NC P00000000736258186 CARD 1412"
"01/30/2017","-3.86","*","","PURCHASE AUTHORIZED ON 01/28 BOJANGLES 797 0100 CHARLOTTE NC S387028538375162 CARD 1412"
"01/30/2017","-2.43","*","","PURCHASE AUTHORIZED ON 01/27 SQ *THE SECRET CHO CHARLOTTE NC S587027815410617 CARD 1412"
"01/30/2017","-1.79","*","","PURCHASE AUTHORIZED ON 01/27 STARBUCKS STORE 02 CHARLOTTE NC S587027721143325 CARD 1412"
"01/30/2017","-7.04","*","","PURCHASE AUTHORIZED ON 01/27 CHIPOTLE 1584 CHARLOTTE NC S307027603198017 CARD 1412"
"01/30/2017","-2.30","*","","PURCHASE AUTHORIZED ON 01/26 STARBUCKS STORE 19 CHARLOTTE NC S307026697426491 CARD 1412"
"01/30/2017","-2.11","*","","PURCHASE AUTHORIZED ON 01/26 STARBUCKS STORE 19 CHARLOTTE NC S307026678990570 CARD 1412"
"01/30/2017","-2.11","*","","PURCHASE AUTHORIZED ON 01/26 STARBUCKS STORE 02 CHARLOTTE NC S307026545693779 CARD 1412"
"01/30/2017","150.00","*","","ATM CHECK DEPOSIT ON 01/30 2890 WEST HWY 160 FORT MILL SC 0004575 ATM ID 6865X CARD 1412"
"01/30/2017","100.00","*","","ATM CHECK DEPOSIT ON 01/28 2910 SOUTH BOULEVARD CHARLOTTE NC 0003848 ATM ID 6727X CARD 1412"
"01/27/2017","-10.03","*","","PURCHASE AUTHORIZED ON 01/27 HARRIS TEETER #3 500 M FORT MILL SC P00387027511677386 CARD 1412"
"01/27/2017","-4.07","*","","PURCHASE AUTHORIZED ON 01/26 TRADER JOE'S #744 CHARLOTTE NC S587026741513028 CARD 1412"
"01/27/2017","-4.79","*","","PURCHASE AUTHORIZED ON 01/26 SQ *FERDINAND ***C CHARLOTTE NC S307026613391077 CARD 1412"
"01/26/2017","-5.55","*","","PURCHASE AUTHORIZED ON 01/26 TARGET T- 900 Metropol Charlotte NC P00000000581793413 CARD 1412"
"01/26/2017","-7.52","*","","PURCHASE AUTHORIZED ON 01/25 VIVA CHICKEN CHARLOTTE NC S467025653357628 CARD 1412"
"01/26/2017","-2.58","*","","PURCHASE AUTHORIZED ON 01/25 QT 1077 9701 FORT MILL SC S387025638140163 CARD 1412"
"01/26/2017","-6.92","*","","PURCHASE AUTHORIZED ON 01/25 HARRIS TEETER #370 FORT MILL SC S587025533703509 CARD 1412"
"01/26/2017","-7.48","*","","PURCHASE AUTHORIZED ON 01/25 TST* BURGER CRAFT FORT MILL SC S467024690449526 CARD 1412"
"01/25/2017","-3.67","*","","PURCHASE AUTHORIZED ON 01/23 COOK OUT # 66 CHARLOTTE NC S387023688074924 CARD 1412"
"01/24/2017","11.76","*","","RECURRING PAYMENT REVERSAL ON 01/23 AmazonPrime Member amzn.com/prme WA S627024546059301 CARD 1412"
"01/24/2017","-6.46","*","","PURCHASE AUTHORIZED ON 01/24 Wal-Mart Super Center TEGA CAY SC P00000000277591346 CARD 1412"
"01/24/2017","-2.58","*","","PURCHASE AUTHORIZED ON 01/23 QT 1077 9701 FORT MILL SC S467023681958600 CARD 1412"
"01/23/2017","-15.19","*","","PURCHASE AUTHORIZED ON 01/23 HARRIS TE 500 MERCANTI FORT MILL SC P00000000274433534 CARD 1412"
"01/23/2017","-15.01","*","","PURCHASE AUTHORIZED ON 01/23 QUIK TRIP CORPO FORT MILL SC P00000000089271176 CARD 1412"
"01/23/2017","-11.76","*","","RECURRING PAYMENT AUTHORIZED ON 01/22 AmazonPrime Member amzn.com/prme WA S387022841091347 CARD 1412"
"01/23/2017","-6.95","*","","PURCHASE AUTHORIZED ON 01/22 SQ *SABOR LATIN ST Charlotte NC S387022671142193 CARD 1412"
"01/23/2017","-1.34","*","","PURCHASE AUTHORIZED ON 01/22 CVS/PHARMACY #04 04022 CHARLOTTE NC P00587022599203741 CARD 1412"
"01/23/2017","-7.18","*","","PURCHASE AUTHORIZED ON 01/21 HARRIS TEETER #370 FORT MILL SC S307022065546113 CARD 1412"
"01/23/2017","-1.01","*","","PURCHASE AUTHORIZED ON 01/21 THE FRESH MARKET I CHARLOTTE NC P00307021820941715 CARD 1412"
"01/23/2017","-6.17","*","","PURCHASE AUTHORIZED ON 01/21 POTBELLY #530 CHARLOTTE NC S467021633044543 CARD 1412"
"01/23/2017","-15.01","*","","PURCHASE AUTHORIZED ON 01/21 QUIKTRIP CORPOR FORT MILL SC P00000000933670468 CARD 1412"
"01/23/2017","-199.00","*","","RECURRING PAYMENT AUTHORIZED ON 01/20 LAUNCH SCHOOL 877-887-7815 AZ S387021049247082 CARD 1412"
"01/23/2017","-3.20","*","","PURCHASE AUTHORIZED ON 01/20 PANERA BREAD #991 CHARLOTTE NC S307021013518913 CARD 1412"
"01/23/2017","-5.79","*","","PURCHASE AUTHORIZED ON 01/20 TRADER JOE'S #744 CHARLOTTE NC S307020629778223 CARD 1412"
"01/23/2017","-0.80","*","","PURCHASE AUTHORIZED ON 01/20 GRABBAGREEN - 30 CHARLOTTE NC S467020593370776 CARD 1412"
"01/23/2017","-1.15","*","","PURCHASE AUTHORIZED ON 01/20 FEDEXOFFICE 0004 CHARLOTTE NC S467020590836333 CARD 1412"
"01/23/2017","-1.38","*","","PURCHASE AUTHORIZED ON 01/20 FEDEXOFFICE 0004 CHARLOTTE NC S387020552018425 CARD 1412"
"01/23/2017","-5.81","*","","PURCHASE AUTHORIZED ON 01/19 FEDEXOFFICE 0004 CHARLOTTE NC S387020076445776 CARD 1412"
"01/23/2017","-3.70","*","","PURCHASE AUTHORIZED ON 01/19 COOK OUT ROCK HILL SC S387020053277853 CARD 1412"
"01/23/2017","-2.30","*","","PURCHASE AUTHORIZED ON 01/19 STARBUCKS STORE 02 CHARLOTTE NC S387019568131292 CARD 1412"
"01/23/2017","100.00","*","","ATM CHECK DEPOSIT ON 01/23 2890 WEST HWY 160 FORT MILL SC 0009311 ATM ID 6865G CARD 1412"
"01/20/2017","-25.65","*","","PURCHASE AUTHORIZED ON 01/20 USPS PO 36140400 4117 CHARLOTTE NC P00307020567637246 CARD 1412"
"01/20/2017","-7.11","*","","PURCHASE AUTHORIZED ON 01/19 TRADER JOE'S #744 CHARLOTTE NC S587019616135345 CARD 1412"
"01/20/2017","-6.63","*","","PURCHASE AUTHORIZED ON 01/18 BOJANGLES 941 0100 FORT MILL SC S467019011788740 CARD 1412"
"01/19/2017","-16.50","*","","PURCHASE AUTHORIZED ON 01/19 HARRIS TEETER #3 500 M FORT MILL SC P00387019503649272 CARD 1412"
"01/19/2017","-12.07","*","","PURCHASE AUTHORIZED ON 01/19 HARRIS TE 500 MERCANTI FORT MILL SC P00000000153359896 CARD 1412"
"01/19/2017","-3.54","*","","PURCHASE AUTHORIZED ON 01/17 STARBUCKS STORE 09 ROCK HILL SC S587017853825048 CARD 1412"
"01/19/2017","100.00","*","","ATM CHECK DEPOSIT ON 01/19 801 KENILWORTH AVE CHARLOTTE NC 0003962 ATM ID 6708C CARD 1412"
"01/18/2017","-9.47","*","","PURCHASE AUTHORIZED ON 01/18 HARRIS TE 500 MERCANTI FORT MILL SC P00000000141538327 CARD 1412"
"01/17/2017","-50.66","*","","PURCHASE AUTHORIZED ON 01/17 Wal-Mart Super Center TEGA CAY SC P00000000279577357 CARD 1412"
"01/17/2017","-5.47","*","","PURCHASE AUTHORIZED ON 01/15 CHIPOTLE 1584 CHARLOTTE NC S307015850412922 CARD 1412"
"01/17/2017","-1.16","*","","PURCHASE AUTHORIZED ON 01/15 TRADER JOE'S #744 CHARLOTTE NC S387015766670096 CARD 1412"
"01/17/2017","-4.83","*","","PURCHASE AUTHORIZED ON 01/15 POTBELLY #530 CHARLOTTE NC S307015690408762 CARD 1412"
"01/17/2017","-1.89","*","","PURCHASE AUTHORIZED ON 01/15 SQ *HAZELNUTS CREP Charlotte NC S587015597581894 CARD 1412"
"01/17/2017","-3.14","*","","PURCHASE AUTHORIZED ON 01/15 BOJANGLES 941 0100 FORT MILL SC S307015473975043 CARD 1412"
"01/17/2017","-14.00","*","","PURCHASE AUTHORIZED ON 01/15 HARRIS TEETER #3 500 M FORT MILL SC P00307015469144050 CARD 1412"
"01/17/2017","-1.39","*","","PURCHASE AUTHORIZED ON 01/14 PILOT 0000 PIEDMONT SC S467015088461246 CARD 1412"
"01/17/2017","-4.80","*","","PURCHASE AUTHORIZED ON 01/14 ARBYS 8222 ANDERSON SC S587015071168430 CARD 1412"
"01/17/2017","-16.91","*","","PURCHASE AUTHORIZED ON 01/14 CHEVRON/BOULDERCREST C SMYRNA GA P00587014817012960 CARD 1412"
"01/17/2017","-4.83","*","","PURCHASE AUTHORIZED ON 01/14 POTBELLY #530 CHARLOTTE NC S307014549663520 CARD 1412"
"01/17/2017","-3.25","*","","PURCHASE AUTHORIZED ON 01/14 BOJANGLES 941 0100 FORT MILL SC S307014420851426 CARD 1412"
"01/17/2017","-12.18","*","","PURCHASE AUTHORIZED ON 01/14 HARRIS TEETER #3 500 M FORT MILL SC P00387014415075792 CARD 1412"
"01/17/2017","-2.11","*","","PURCHASE AUTHORIZED ON 01/13 STARBUCKS STORE 08 CHARLOTTE NC S387013698926414 CARD 1412"
"01/17/2017","-5.00","*","","PURCHASE AUTHORIZED ON 01/13 HARRIS TEETER #016 CHARLOTTE NC S387013481975235 CARD 1412"
"01/17/2017","-1.62","*","","PURCHASE AUTHORIZED ON 01/13 BOJANGLES 941 0100 FORT MILL SC S587013423791639 CARD 1412"
"01/17/2017","300.00","*","","ATM CHECK DEPOSIT ON 01/17 2890 WEST HWY 160 FORT MILL SC 0007791 ATM ID 6865G CARD 1412"
"01/12/2017","-10.49","*","","PURCHASE AUTHORIZED ON 01/12 CIRCLE K # 23964 935 C CHARLOTTE NC P00000000274248819 CARD 1412"
"01/12/2017","-2.18","*","","PURCHASE AUTHORIZED ON 01/10 STARBUCKS STORE 09 ROCK HILL SC S387010531400288 CARD 1412"
"01/11/2017","-9.97","*","","PURCHASE AUTHORIZED ON 01/10 Amazon Services-Ki 866-321-8851 WA S307010827933243 CARD 1412"
"01/11/2017","-6.74","*","","PURCHASE AUTHORIZED ON 01/09 BOJANGLES 941 0100 FORT MILL SC S387009590261073 CARD 1412"
"01/10/2017","-10.26","*","","PURCHASE AUTHORIZED ON 01/10 HARRIS TE 500 MERCANTI FORT MILL SC P00000000389682876 CARD 1412"
"01/10/2017","-450.00","*","","TRANSFER TO FENG ZENGYI ON 01/10 REF #PPE5TX8CFX XXXXXX2572"
"01/10/2017","-6.47","*","","PURCHASE AUTHORIZED ON 01/09 HARRIS TEETER #370 FORT MILL SC S387009509884213 CARD 1412"
"01/10/2017","450.00","*","","SCHWAB BANK P2P 170110 JESSICA BATTLE JESSICA BATTLE"
"01/09/2017","-0.54","*","","PURCHASE AUTHORIZED ON 01/08 TRADER JOE'S #744 CHARLOTTE NC S387008738966192 CARD 1412"
"01/09/2017","-6.10","*","","PURCHASE AUTHORIZED ON 01/08 TRADER JOE'S #744 CHARLOTTE NC S587008573529721 CARD 1412"
"01/09/2017","-15.69","*","","PURCHASE AUTHORIZED ON 01/08 HARRIS TEETER #3 500 M FORT MILL SC P00467008515413354 CARD 1412"
"01/09/2017","-14.19","*","","PURCHASE AUTHORIZED ON 01/07 HARRIS TE 500 MERCANTI FORT MILL SC P00000000437872508 CARD 1412"
"01/09/2017","-6.95","*","","PURCHASE AUTHORIZED ON 01/07 SQ *SABOR LATIN ST CHARLOTTE NC S587007763262228 CARD 1412"
"01/09/2017","-2.24","*","","PURCHASE AUTHORIZED ON 01/08 NOVA'S-SOUTH CHARLOTTE NC S467007683069803 CARD 1412"
"01/09/2017","-3.25","*","","PURCHASE AUTHORIZED ON 01/06 SQ *I LOVE JUICE B CHARLOTTE NC S307006597891389 CARD 1412"
"01/09/2017","-1.79","*","","PURCHASE AUTHORIZED ON 01/06 STARBUCKS STORE 02 CHARLOTTE NC S387006553149575 CARD 1412"
"01/09/2017","-5.83","*","","PURCHASE AUTHORIZED ON 01/06 ARBY'S 7380 CHARLOTTE NC S587005843816946 CARD 1412"
"01/09/2017","-1.62","*","","PURCHASE AUTHORIZED ON 01/05 BOJANGLES 941 0100 FORT MILL SC S467005413726536 CARD 1412"
"01/09/2017","25.00","*","","ONLINE TRANSFER FROM BATTLE J WAY2SAVE SAVINGS XXXXXX5176 REF #IB0347FWTC ON 01/09/17"
"01/06/2017","-7.11","*","","PURCHASE AUTHORIZED ON 01/05 TRADER JOE'S #744 CHARLOTTE NC S587005628337244 CARD 1412"
"01/06/2017","-4.24","*","","PURCHASE AUTHORIZED ON 01/04 BOJANGLES 941 0100 FORT MILL SC S467004853560352 CARD 1412"
"01/05/2017","-0.54","*","","PURCHASE AUTHORIZED ON 01/05 TRADER JOE'S #7 44 CHARLOTTE NC P00387005829080669 CARD 1412"
"01/05/2017","-10.15","*","","PURCHASE AUTHORIZED ON 01/05 QUIKTRIP CORPOR FORT MILL SC P00000000080887552 CARD 1412"
"01/05/2017","-3.49","*","","PURCHASE AUTHORIZED ON 01/04 HARRIS TEETER #370 FORT MILL SC S587004847492192 CARD 1412"
"01/05/2017","-1.62","*","","PURCHASE AUTHORIZED ON 01/03 BOJANGLES 941 0100 FORT MILL SC S587003482946669 CARD 1412"
"01/04/2017","-25.00","*","","RECURRING TRANSFER TO BATTLE J WAY2SAVE SAVINGS REF #OPEY29S2DN XXXXXX5176"
"01/04/2017","-5.39","*","","PURCHASE AUTHORIZED ON 01/03 TRADER JOE'S #744 CHARLOTTE NC S467004035425606 CARD 1412"
"01/04/2017","-125.00","*","","PURCHASE AUTHORIZED ON 01/03 PYCON WOLFEBORO NH S587003545050654 CARD 1412"
"01/03/2017","-17.25","*","","PURCHASE AUTHORIZED ON 01/03 QUIKTRIP CORPOR FORT MILL SC P00000000152130431 CARD 1412"
"01/03/2017","150.00","*","","ATM CHECK DEPOSIT ON 01/02 2890 WEST HWY 160 FORT MILL SC 0004339 ATM ID 6865G CARD 1412"
"01/03/2017","200.00","*","","ATM CASH DEPOSIT ON 01/02 2890 WEST HWY 160 FORT MILL SC 0004338 ATM ID 6865G CARD 1412"
"12/29/2016","-22.18","*","","PURCHASE AUTHORIZED ON 12/28 Amazon.com AMZN.COM/BILL WA S386358823734413 CARD 1412"
"12/29/2016","-18.14","*","","PURCHASE AUTHORIZED ON 12/29 TARGET.COM * 800-591-3869 MN S386363523428179 CARD 1412"
"12/27/2016","-8.48","*","","PURCHASE AUTHORIZED ON 12/26 TARGET T- 5561 Grove B Birmingham AL P00000000454303575 CARD 1412"
"12/27/2016","-1.32","*","","PURCHASE AUTHORIZED ON 12/24 QT 785 0700 BUFORD GA S586359771099746 CARD 1412"
"12/27/2016","-5.32","*","","PURCHASE AUTHORIZED ON 12/24 WAFFLE HOUSE 2030 BUFORD GA S466359742931098 CARD 1412"
"12/27/2016","-2.88","*","","PURCHASE AUTHORIZED ON 12/24 LOVES TRAVEL S0000 FAIR PLAY SC S386359672147557 CARD 1412"
"12/27/2016","-7.19","*","","PURCHASE AUTHORIZED ON 12/24 QUIKTRIP ANDERSON SC P00000000353731119 CARD 1412"
"12/27/2016","-12.20","*","","PURCHASE AUTHORIZED ON 12/24 QUIKTRIP CORPOR FORT MILL SC P00000000672485293 CARD 1412"
"12/27/2016","-22.28","*","","PURCHASE AUTHORIZED ON 12/24 Amazon.com AMZN.COM/BILL WA S466358818784265 CARD 1412"
"12/27/2016","-5.73","*","","PURCHASE AUTHORIZED ON 12/23 ARBYS 5527 PINEVILLE NC S586358793543561 CARD 1412"
"12/27/2016","-3.70","*","","PURCHASE AUTHORIZED ON 12/23 BOJANGLES 662 0200 FORT MILL SC S466358593707416 CARD 1412"
"12/27/2016","-3.70","*","","PURCHASE AUTHORIZED ON 12/22 COOK OUT ROCK HILL SC S386358038306981 CARD 1412"
"12/27/2016","-0.77","*","","PURCHASE AUTHORIZED ON 12/22 STARBUCKS STORE 09 ROCK HILL SC S386357555438934 CARD 1412"
"12/23/2016","-10.00","*","","PURCHASE AUTHORIZED ON 12/23 HARRIS TE 500 MERCANTI FORT MILL SC P00000000856001790 CARD 1412"
"12/23/2016","-49.32","*","","PURCHASE AUTHORIZED ON 12/23 Barnes and Nobl 11025 Pineville NC P00386358783538766 CARD 1412"
"12/23/2016","-4.30","*","","PURCHASE AUTHORIZED ON 12/23 Barnes and Nobl 11025 Pineville NC P00466358765564617 CARD 1412"
"12/23/2016","-0.99","*","","PURCHASE AUTHORIZED ON 12/22 HARRIS TEETER #370 FORT MILL SC S306358027661916 CARD 1412"
"12/23/2016","-4.88","*","","PURCHASE AUTHORIZED ON 12/22 HARRIS TEETER #370 FORT MILL SC S386357542847566 CARD 1412"
"12/23/2016","-3.00","*","","PURCHASE AUTHORIZED ON 12/22 ARBY'S 7380 CHARLOTTE NC S466356779886042 CARD 1412"
"12/23/2016","75.00","*","","ATM CHECK DEPOSIT ON 12/23 2890 WEST HWY 160 FORT MILL SC 0001785 ATM ID 6865G CARD 1412"
"12/23/2016","100.00","*","","ATM CHECK DEPOSIT ON 12/23 2890 WEST HWY 160 FORT MILL SC 0001557 ATM ID 6865G CARD 1412"
"12/22/2016","-6.39","*","","PURCHASE AUTHORIZED ON 12/21 TRADER JOE'S #744 CHARLOTTE NC S586356553937537 CARD 1412"
"12/22/2016","-199.00","*","","RECURRING PAYMENT AUTHORIZED ON 12/20 LAUNCH SCHOOL 877-887-7815 AZ S386356048642491 CARD 1412"
"12/21/2016","-55.21","*","","PURCHASE AUTHORIZED ON 12/21 TARGET T- 900 Metropol Charlotte NC P00000000581245981 CARD 1412"
"12/21/2016","-10.02","*","","PURCHASE AUTHORIZED ON 12/21 HARRIS TEETER #3 500 M FORT MILL SC P00386356531364815 CARD 1412"
"12/20/2016","-16.57","*","","PURCHASE AUTHORIZED ON 12/20 HARRIS TE 500 MERCANTI FORT MILL SC P00000000843713472 CARD 1412"
"12/20/2016","-5.73","*","","PURCHASE AUTHORIZED ON 12/19 ARBYS 5527 PINEVILLE NC S586355007387553 CARD 1412"
"12/19/2016","-11.79","*","","PURCHASE AUTHORIZED ON 12/19 OFFICE DEPOT 00 9610 P PINEVILLE NC P00306355003018867 CARD 1412"
"12/19/2016","-1.01","*","","PURCHASE AUTHORIZED ON 12/18 THE FRESH MARKET I CHARLOTTE NC P00386354014475112 CARD 1412"
"12/19/2016","-4.77","*","","PURCHASE AUTHORIZED ON 12/18 TRADER JOE'S #744 CHARLOTTE NC S586353784556728 CARD 1412"
"12/19/2016","-1.01","*","","PURCHASE AUTHORIZED ON 12/18 THE FRESH MARKET I CHARLOTTE NC P00386353720210634 CARD 1412"
"12/19/2016","-3.24","*","","PURCHASE AUTHORIZED ON 12/18 EINSTEIN BROTHER B CHARLOTTE NC S586353587132152 CARD 1412"
"12/19/2016","-18.10","*","","PURCHASE AUTHORIZED ON 12/18 QUIKTRIP CORPOR FORT MILL SC P00000000536434803 CARD 1412"
"12/19/2016","-7.95","*","","PURCHASE AUTHORIZED ON 12/17 SQ *SABOR LATIN ST CHARLOTTE NC S586353021042247 CARD 1412"
"12/19/2016","-6.19","*","","PURCHASE AUTHORIZED ON 12/17 TRADER JOE'S #744 CHARLOTTE NC S386352646842837 CARD 1412"
"12/19/2016","-1.81","*","","PURCHASE AUTHORIZED ON 12/17 CVS/PHARMACY #03 03185 CHARLOTTE NC P00306352587923608 CARD 1412"
"12/19/2016","-2.44","*","","PURCHASE AUTHORIZED ON 12/16 STARBUCKS STORE 08 CHARLOTTE NC S586351699642621 CARD 1412"
"12/19/2016","-4.06","*","","PURCHASE AUTHORIZED ON 12/16 CHIPOTLE 1584 CHARLOTTE NC S466351580845767 CARD 1412"
"12/19/2016","-4.21","*","","PURCHASE AUTHORIZED ON 12/16 BOJANGLES 797 0100 CHARLOTTE NC S306351436940944 CARD 1412"
"12/19/2016","-3.70","*","","PURCHASE AUTHORIZED ON 12/15 COOK OUT ROCK HILL SC S306350725341065 CARD 1412"
"12/19/2016","-11.76","*","","PURCHASE AUTHORIZED ON 12/15 PEPBOYS STORE 98 ROCK HILL SC S386350720760633 CARD 1412"
"12/19/2016","300.00","*","","ATM CHECK DEPOSIT ON 12/18 1616 CENTRAL AVE CHARLOTTE NC 0000875 ATM ID 0670H CARD 1412"
"12/16/2016","-8.68","*","","PURCHASE AUTHORIZED ON 12/16 HARRIS TE 500 MERCANTI FORT MILL SC P00000000231134312 CARD 1412"
"12/16/2016","-19.20","*","","PURCHASE AUTHORIZED ON 12/16 7 ELEVEN 35556 CHARLOTTE NC P00306351507150257 CARD 1412"
"12/16/2016","100.00","*","","ATM CHECK DEPOSIT ON 12/16 4323 PARK ROAD CHARLOTTE NC 0009114 ATM ID 0343T CARD 1412"
"12/15/2016","-4.19","*","","PURCHASE AUTHORIZED ON 12/15 WALGREENS STORE 1716 P FORT MILL SC P00306350735216354 CARD 1412"
"12/15/2016","-1.52","*","","PURCHASE AUTHORIZED ON 12/14 CVS/PHARMACY #07 07089 Charlotte NC P00386350084405848 CARD 1412"
"12/15/2016","-7.62","*","","PURCHASE AUTHORIZED ON 12/14 TRADER JOE'S #744 CHARLOTTE NC S386349654570053 CARD 1412"
"12/15/2016","-10.98","*","","PURCHASE AUTHORIZED ON 12/14 WAFFLE HOUSE 2205 FORT MILL SC S586349356690459 CARD 1412"
"12/15/2016","-16.99","*","","PURCHASE AUTHORIZED ON 12/13 AUTOBELL CAR WASH CHARLOTTE NC S306348649829805 CARD 1412"
"12/14/2016","-13.89","*","","PURCHASE AUTHORIZED ON 12/14 Barnes and Nobl 4020 S Charlotte TX P00386349765475120 CARD 1412"
"12/14/2016","-7.56","*","","PURCHASE AUTHORIZED ON 12/13 FEDEXOFFICE 0001 CHARLOTTE NC S586348760364839 CARD 1412"
"12/14/2016","-1.38","*","","PURCHASE AUTHORIZED ON 12/14 RUSH ESPRESSO LLC CHARLOTTE NC S386348729835670 CARD 1412"
"12/14/2016","-7.04","*","","PURCHASE AUTHORIZED ON 12/13 CHIPOTLE 2453 CHARLOTTE NC S586348669037084 CARD 1412"
"12/14/2016","-6.36","*","","PURCHASE AUTHORIZED ON 12/13 HARRIS TEETER #370 FORT MILL SC S306348491951636 CARD 1412"
"12/13/2016","-2.13","*","","PURCHASE AUTHORIZED ON 12/13 CVS/PHARMACY #07 07157 Charlotte NC P00586348701723421 CARD 1412"
"12/13/2016","-24.00","*","","PURCHASE AUTHORIZED ON 12/13 BEAUTIFUL BROWS & LASH CHARLOTTE NC P00306348692346942 CARD 1412"
"12/13/2016","-14.99","*","","PURCHASE AUTHORIZED ON 12/13 HARRIS TEETER #3 500 M FORT MILL SC P00466348634572123 CARD 1412"
"12/13/2016","-17.67","*","","PURCHASE AUTHORIZED ON 12/13 HARRIS TE 500 MERCANTI FORT MILL SC P00000000189421031 CARD 1412"
"12/13/2016","-60.92","*","","PURCHASE AUTHORIZED ON 12/12 TRADER JOE'S #742 CHARLOTTE NC S466347821830432 CARD 1412"
"12/13/2016","-3.70","*","","PURCHASE AUTHORIZED ON 12/13 RUSH ESPRESSO LLC CHARLOTTE NC S306347765861424 CARD 1412"
"12/13/2016","-2.77","*","","PURCHASE AUTHORIZED ON 12/13 RUSH ESPRESSO LLC CHARLOTTE NC S466347754537010 CARD 1412"
"12/13/2016","-2.14","*","","PURCHASE AUTHORIZED ON 12/10 MECKLENBURG ABC #4 CHARLOTTE NC S586346037303147 CARD 1412"
"12/13/2016","75.00","*","","ATM CHECK DEPOSIT ON 12/13 13715 CONLAN CIRCLE CHARLOTTE NC 0008856 ATM ID 6698Y CARD 1412"
"12/12/2016","-5.01","*","","PURCHASE AUTHORIZED ON 12/11 CIRCLE K # 23964 935 C CHARLOTTE NC P00000000041714677 CARD 1412"
"12/12/2016","-3.98","*","","PURCHASE AUTHORIZED ON 12/11 SQ *SABOR LATIN ST CHARLOTTE NC S386347034108883 CARD 1412"
"12/12/2016","-6.60","*","","PURCHASE AUTHORIZED ON 12/11 TRADER JOE'S #744 CHARLOTTE NC S386346715167479 CARD 1412"
"12/12/2016","-4.57","*","","PURCHASE AUTHORIZED ON 12/10 COOK OUT ROCK HILL SC S466346115479337 CARD 1412"
"12/12/2016","-3.52","*","","PURCHASE AUTHORIZED ON 12/10 CHIPOTLE 1584 CHARLOTTE NC S306345792954204 CARD 1412"
"12/12/2016","-3.10","*","","PURCHASE AUTHORIZED ON 12/10 THE FRESH MARKET I CHARLOTTE NC P00306345731697469 CARD 1412"
"12/12/2016","-1.07","*","","PURCHASE AUTHORIZED ON 12/10 MCALISTERS DELI #1 CHARLOTTE NC S466345628508179 CARD 1412"
"12/12/2016","-12.53","*","","PURCHASE AUTHORIZED ON 12/10 QUICKTRIP CORPO CHARLOTTE NC P00000000276488690 CARD 1412"
"12/12/2016","-3.24","*","","PURCHASE AUTHORIZED ON 12/10 EINSTEIN BROTHER B CHARLOTTE NC S386345578679014 CARD 1412"
"12/12/2016","-8.49","*","","PURCHASE AUTHORIZED ON 12/08 FEDEXOFFICE 0004 CHARLOTTE NC S306343822389981 CARD 1412"
"12/12/2016","25.00","*","","ONLINE TRANSFER FROM BATTLE J WAY2SAVE SAVINGS XXXXXX5176 REF #IBE5TNWL55 ON 12/10/16"
"12/12/2016","150.00","*","","ATM CHECK DEPOSIT ON 12/12 13715 CONLAN CIRCLE CHARLOTTE NC 0008605 ATM ID 6698Y CARD 1412"
"12/09/2016","-15.00","*","","PURCHASE AUTHORIZED ON 12/09 BEST BUY 1108 00011080 CHARLOTTE NC P00000000855414763 CARD 1412"
"12/09/2016","-3.00","*","","PURCHASE AUTHORIZED ON 12/08 CRACKER BARREL # 295 C FORT MILL SC P00586344080978262 CARD 1412"
"12/09/2016","-9.03","*","","PURCHASE AUTHORIZED ON 12/08 CRACKER BARREL # 295 C FORT MILL SC P00306344080246059 CARD 1412"
"12/09/2016","-10.49","*","","PURCHASE AUTHORIZED ON 12/08 TRADER JOE'S #744 CHARLOTTE NC S466343684110832 CARD 1412"
"12/09/2016","-3.70","*","","PURCHASE AUTHORIZED ON 12/07 COOK OUT ROCK HILL SC S306342862712590 CARD 1412"
"12/08/2016","-12.76","*","","PURCHASE AUTHORIZED ON 12/08 HARRIS TEETER #3 500 M FORT MILL SC P00586343622204463 CARD 1412"
"12/07/2016","-1.41","*","","PURCHASE AUTHORIZED ON 12/06 CHIPOTLE 1584 CHARLOTTE NC S586342089949492 CARD 1412"
"12/07/2016","-7.12","*","","PURCHASE AUTHORIZED ON 12/06 TRADER JOE'S #744 CHARLOTTE NC S386341669724074 CARD 1412"
"12/06/2016","-15.00","*","","PURCHASE AUTHORIZED ON 12/06 BEST BUY 1108 00011080 CHARLOTTE NC P00000000241655227 CARD 1412"
"12/06/2016","-15.01","*","","PURCHASE AUTHORIZED ON 12/06 SHELL Service Station CHARLOTTE NC P00586341687481445 CARD 1412"
"12/06/2016","-16.53","*","","PURCHASE AUTHORIZED ON 12/06 CHEESECAKE CHARLOT CHARLOTTE NC S386341039692190 CARD 1412"
"12/06/2016","-6.42","*","","PURCHASE AUTHORIZED ON 12/05 TRADER JOE'S #744 CHARLOTTE NC S466340804751086 CARD 1412"
"12/05/2016","-10.69","*","","PURCHASE AUTHORIZED ON 12/04 HARRIS TE 500 MERCANTI FORT MILL SC P00000000287322948 CARD 1412"
"12/05/2016","-1.47","*","","PURCHASE AUTHORIZED ON 12/04 CHIPOTLE 1584 CHARLOTTE NC S306339741137800 CARD 1412"
"12/05/2016","-25.00","*","","RECURRING TRANSFER TO BATTLE J WAY2SAVE SAVINGS REF #OPEKFT92MC XXXXXX5176"
"12/05/2016","-5.08","*","","PURCHASE AUTHORIZED ON 12/03 TRADER JOE'S #744 CHARLOTTE NC S466338781520776 CARD 1412"
"12/05/2016","-14.54","*","","PURCHASE AUTHORIZED ON 12/03 HARRIS TEETER #3 500 M FORT MILL SC P00466338662633875 CARD 1412"
"12/05/2016","-445.00","*","","TRANSFER TO FENG ZENGYI ON 12/03 REF #PPER7X2SLQ XXXXXX2572"
"12/05/2016","-5.00","*","","TRANSFER TO FENG ZENGYI ON 12/02 REF #PPECMPZRF4 TEST DEPOSIT"
"12/05/2016","-3.56","*","","PURCHASE AUTHORIZED ON 12/02 TRADER JOE'S #744 CHARLOTTE NC S586338011147289 CARD 1412"
"12/05/2016","-50.00","*","","PURCHASE AUTHORIZED ON 12/02 WPY*Vickys Fight A 855-469-3729 CA S386337705405828 CARD 1412"
"12/05/2016","100.00","*","","ATM CASH DEPOSIT ON 12/05 4501 PARK RD CHARLOTTE NC 0001707 ATM ID 0581T CARD 1412"
"12/02/2016","-6.47","*","","PURCHASE AUTHORIZED ON 12/02 CIRCLE K # 23964 935 C CHARLOTTE NC P00000000286263282 CARD 1412"
"12/02/2016","-1.34","*","","PURCHASE AUTHORIZED ON 12/02 CVS/PHARMACY #02 02571 Charlotte NC P00386337831657738 CARD 1412"
"12/02/2016","-1.34","*","","PURCHASE AUTHORIZED ON 12/01 CVS/PHARMACY #02 02571 Charlotte NC P00466337102372171 CARD 1412"
"12/02/2016","600.00","*","","ATM CHECK DEPOSIT ON 12/02 801 KENILWORTH AVE CHARLOTTE NC 0005924 ATM ID 6708C CARD 1412"
"12/01/2016","-0.74","*","","PURCHASE AUTHORIZED ON 12/01 TARGET T- 900 Metropol Charlotte NC P00000000476252878 CARD 1412"
"12/01/2016","-7.40","*","","PURCHASE AUTHORIZED ON 11/30 LYFT *RIDE WED 4 LYFT.COM CA S586335789764454 CARD 1412"
"11/30/2016","-0.74","*","","PURCHASE AUTHORIZED ON 11/30 RITE AID STORE - 11460 PINEVILLE NC P00466335799624515 CARD 1412"
"11/29/2016","-1.47","*","","PURCHASE AUTHORIZED ON 11/28 TARGET 0000 CHARLOTTE NC S466333785347871 CARD 1412"
"11/29/2016","-2.36","*","","PURCHASE AUTHORIZED ON 11/28 TARGET 0000 CHARLOTTE NC S306333784232312 CARD 1412"
"11/29/2016","-10.65","*","","PURCHASE AUTHORIZED ON 11/28 HOOTERS OF S CHARL CHARLOTTE NC S306333702668266 CARD 1412"
"11/28/2016","-1.19","*","","PURCHASE AUTHORIZED ON 11/27 SUBWAY 0301 CHARLOTTE NC S306332089698899 CARD 1412"
"11/28/2016","-3.95","*","","PURCHASE AUTHORIZED ON 11/26 MCALISTERS DELI #1 CHARLOTTE NC S386332015646376 CARD 1412"
"11/28/2016","-2.01","*","","PURCHASE AUTHORIZED ON 11/26 CVS/PHARMACY #03 03185 CHARLOTTE NC P00386331763989573 CARD 1412"
"11/28/2016","-4.07","*","","PURCHASE AUTHORIZED ON 11/26 TRADER JOE'S #744 CHARLOTTE NC S386331716802838 CARD 1412"
"11/28/2016","-27.81","*","","PURCHASE AUTHORIZED ON 11/25 350130 PATTON CREE HOOVER AL S386331121894955 CARD 1412"
"11/25/2016","75.00","*","","ATM CHECK DEPOSIT ON 11/25 2527 JOHN HAWKINS PKWY HOOVER AL 0001935 ATM ID 0046Q CARD 1412"
"11/17/2016","-1.01","*","","PURCHASE AUTHORIZED ON 11/17 THE FRESH MARKET I CHARLOTTE NC P00586322747692599 CARD 1412"
"11/16/2016","-0.50","*","","PURCHASE AUTHORIZED ON 11/15 TRADER JOE'S #744 CHARLOTTE NC S586320654447993 CARD 1412"
"11/16/2016","-0.94","*","","PURCHASE AUTHORIZED ON 11/15 AMAZON MKTPLACE PM AMZN.COM/BILL WA S386320502846653 CARD 1412"
"11/16/2016","-14.99","*","","PURCHASE AUTHORIZED ON 11/15 AMAZON MKTPLACE PM AMZN.COM/BILL WA S386320498915910 CARD 1412"
"11/15/2016","-1.01","*","","PURCHASE AUTHORIZED ON 11/15 THE FRESH MARKET I CHARLOTTE NC P00586321033790443 CARD 1412"
"11/15/2016","-15.01","*","","PURCHASE AUTHORIZED ON 11/15 QUIKTRIP CORPOR FORT MILL SC P00000000759903085 CARD 1412"
"11/15/2016","-16.70","*","","PURCHASE AUTHORIZED ON 11/15 WM SUPERC Wal-Mart Sup TEGA CAY SC P00000000942824886 CARD 1412"
"11/15/2016","-54.68","*","","PURCHASE AUTHORIZED ON 11/14 TRADER JOE'S #742 CHARLOTTE NC S386319578758107 CARD 1412"
"11/14/2016","-2.68","*","","PURCHASE AUTHORIZED ON 11/14 BOTTOMS UP WINE FORT MILL SC P00466319808888826 CARD 1412"
"11/14/2016","-2.88","*","","PURCHASE AUTHORIZED ON 11/14 WM SUPERC Wal-Mart Sup TEGA CAY SC P00000000242447006 CARD 1412"
"11/14/2016","-4.26","*","","PURCHASE AUTHORIZED ON 11/14 LOWE'S #2442 FORT MILL SC P00586319774717009 CARD 1412"
"11/14/2016","-6.40","*","","PURCHASE AUTHORIZED ON 11/14 LOWE'S #2442 FORT MILL SC P00306319643608236 CARD 1412"
"11/14/2016","-11.98","*","","PURCHASE AUTHORIZED ON 11/14 HARRIS TE 1750 Hwy 160 Fort Mill SC P00000000541157516 CARD 1412"
"11/14/2016","-64.48","*","","PURCHASE AUTHORIZED ON 11/14 Wal-Mart Super Center TEGA CAY SC P00000000533430593 CARD 1412"
"11/14/2016","-2.84","*","","PURCHASE AUTHORIZED ON 11/13 SHELL OIL 10012177 ASHEVILLE NC S586318218143544 CARD 1412"
"11/14/2016","-2.96","*","","PURCHASE AUTHORIZED ON 11/12 PILOT #0437 WILLIAMSBURG KY P00466318111779253 CARD 1412"
"11/14/2016","-8.31","*","","PURCHASE AUTHORIZED ON 11/12 PILOT #0437 WILLIAMSBURG KY P00586318109054805 CARD 1412"
"11/14/2016","-13.19","*","","PURCHASE AUTHORIZED ON 11/12 LOVES TRAVEL ST SADIEVILLE KY P00000000859279877 CARD 1412"
"11/14/2016","-2.95","*","","PURCHASE AUTHORIZED ON 11/12 STARBUCKS STORE 02 CINCINNATI OH S586317752395061 CARD 1412"
"11/14/2016","-15.00","*","","PURCHASE AUTHORIZED ON 11/12 LAZ PARKING 690502 CINCINNATI OH S586317734359938 CARD 1412"
"11/14/2016","-1.80","*","","PURCHASE AUTHORIZED ON 11/11 CHIPOTLE 1222 CINCINNATI OH S386317073714713 CARD 1412"
"11/14/2016","-15.98","*","","PURCHASE AUTHORIZED ON 11/11 PALOMINO CINCINNATI OH S586317067969142 CARD 1412"
"11/14/2016","-10.00","*","","PURCHASE AUTHORIZED ON 11/11 ALLPRO PARKING LOT CINCINNATI OH S386316523751042 CARD 1412"
"11/14/2016","-2.12","*","","PURCHASE AUTHORIZED ON 11/12 BURGER KING #13921 BELLEVUE KY S306316516360218 CARD 1412"
"11/14/2016","-8.27","*","","PURCHASE AUTHORIZED ON 11/10 CHIPOTLE 2088 NEWPORT KY S466315850799669 CARD 1412"
"11/14/2016","-6.00","*","","PURCHASE AUTHORIZED ON 11/10 LAZ PARKING 690501 CINCINNATI OH S466315814444485 CARD 1412"
"11/14/2016","-1.50","*","","PURCHASE AUTHORIZED ON 11/10 STARBUCKS STORE 02 CINCINNATI OH S306315393207949 CARD 1412"
"11/14/2016","200.00","*","","ATM CHECK DEPOSIT ON 11/14 9420 PINEVILLE/MATTHEW PINEVILLE NC 0004845 ATM ID 0581Z CARD 1412"
"11/09/2016","-9.35","*","","PURCHASE AUTHORIZED ON 11/09 SHELL Service Station RICHMOND KY P00386314844215118 CARD 1412"
"11/09/2016","-9.06","*","","PURCHASE AUTHORIZED ON 11/09 CRACKER BARREL # 1510 KNOXVILLE TN P00466314738162646 CARD 1412"
"11/09/2016","-14.38","*","","PURCHASE AUTHORIZED ON 11/09 PILOT #0219 KNOXVILLE TN P00466314725787768 CARD 1412"
"11/09/2016","-22.11","*","","PURCHASE WITH CASH BACK $ 20.00 AUTHORIZED ON 11/09 WALGREENS STORE 231 E SHELBY NC P00386314618756004 CARD 1412"
"11/08/2016","150.00","*","","ATM CHECK DEPOSIT ON 11/08 2890 WEST HWY 160 FORT MILL SC 0008999 ATM ID 6865G CARD 1412"
"10/31/2016","-0.50","*","","PURCHASE AUTHORIZED ON 10/29 Wal-Mart Super Center TEGA CAY SC P00000000259186983 CARD 1412"
"10/27/2016","-4.24","*","","PURCHASE AUTHORIZED ON 10/25 BOJANGLES 662 0200 FORT MILL SC S306299540249845 CARD 1412"
"10/26/2016","-2.03","*","","PURCHASE AUTHORIZED ON 10/25 TRADER JOE'S #744 CHARLOTTE NC S386299792492888 CARD 1412"
"10/25/2016","-1.93","*","","PURCHASE AUTHORIZED ON 10/24 HARRIS TEETER #370 FORT MILL SC S306299061115109 CARD 1412"
"10/24/2016","-4.99","*","","PURCHASE AUTHORIZED ON 10/23 HARRIS TEETER #370 FORT MILL SC S386297586011754 CARD 1412"
"10/24/2016","-13.92","*","","PURCHASE AUTHORIZED ON 10/23 FAIRWAY FUELS CITG FORT MILL SC S466297577154579 CARD 1412"
"10/24/2016","-4.89","*","","PURCHASE AUTHORIZED ON 10/22 WENDYS 57 FORT MILL SC S386296775409230 CARD 1412"
"10/24/2016","-24.21","*","","PURCHASE AUTHORIZED ON 10/22 PAPA JOHN'S #04564 502-261-4015 SC S466295748591739 CARD 1412"
"10/24/2016","-4.77","*","","PURCHASE AUTHORIZED ON 10/21 COOK OUT ROCK HILL SC S586295622556614 CARD 1412"
"10/21/2016","-6.85","*","","PURCHASE AUTHORIZED ON 10/20 TRADER JOE'S #744 CHARLOTTE NC S306294689949122 CARD 1412"
"10/20/2016","-15.00","*","","PURCHASE AUTHORIZED ON 10/20 7 ELEVEN 37323 CHARLOTTE NC P00386294653873959 CARD 1412"
"10/19/2016","-10.38","*","","PURCHASE AUTHORIZED ON 10/19 HARRIS TE 500 MERCANTI FORT MILL SC P00000000753234766 CARD 1412"
"10/19/2016","-0.70","*","","PURCHASE AUTHORIZED ON 10/19 7-ELEVEN CHARLOTTE NC P00000000741588055 CARD 1412"
"10/19/2016","-0.70","*","","PURCHASE AUTHORIZED ON 10/19 TRADER JOE'S #7 44 CHARLOTTE NC P00466293747196647 CARD 1412"
"10/19/2016","-2.85","*","","PURCHASE AUTHORIZED ON 10/18 TRADER JOE'S #744 CHARLOTTE NC S586292728807248 CARD 1412"
"10/18/2016","100.00","*","","ATM CHECK DEPOSIT ON 10/18 801 KENILWORTH AVE CHARLOTTE NC 0007739 ATM ID 6708C CARD 1412"
"10/11/2016","-57.49","*","","PURCHASE AUTHORIZED ON 10/09 Wal-Mart Super Center TEGA CAY SC P00000000435544428 CARD 1412"
"10/11/2016","-4.24","*","","PURCHASE AUTHORIZED ON 10/09 BOJANGLES 662 0200 FORT MILL SC S386283645572567 CARD 1412"
"10/11/2016","-2.96","*","","PURCHASE AUTHORIZED ON 10/08 HARRIS TEETER #370 FORT MILL SC S386283082355725 CARD 1412"
"10/11/2016","-2.98","*","","PURCHASE AUTHORIZED ON 10/09 STARBUCKS STORE 02 CHARLOTTE NC S386283007619913 CARD 1412"
"10/11/2016","-5.08","*","","PURCHASE AUTHORIZED ON 10/08 TRADER JOE'S #744 CHARLOTTE NC S386282653479105 CARD 1412"
"10/11/2016","-5.90","*","","PURCHASE AUTHORIZED ON 10/07 TRADER JOE'S #744 CHARLOTTE NC S306281797679049 CARD 1412"
"10/07/2016","-17.60","*","","PURCHASE AUTHORIZED ON 10/07 HARRIS TEETER #3 500 M FORT MILL SC P00466281770291810 CARD 1412"
"10/07/2016","-4.32","*","","PURCHASE AUTHORIZED ON 10/06 CVS/PHARMACY #0257 CHARLOTTE NC S386281044431683 CARD 1412"
"10/07/2016","-1.94","*","","PURCHASE AUTHORIZED ON 10/06 MCDONALD'S F29236 CHARLOTTE NC S386281000185479 CARD 1412"
"10/07/2016","-4.98","*","","PURCHASE AUTHORIZED ON 10/05 COOK OUT ROCK HILL SC S386279819068318 CARD 1412"
"10/06/2016","-2.41","*","","PURCHASE AUTHORIZED ON 10/04 DEAN & DELUCA #300 CHARLOTTE NC S466278850962544 CARD 1412"
"10/06/2016","-2.65","*","","PURCHASE AUTHORIZED ON 10/04 STARBUCKS STORE 02 CHARLOTTE NC S586278650627647 CARD 1412"
"10/06/2016","-1.79","*","","PURCHASE AUTHORIZED ON 10/04 STARBUCKS STORE 02 CHARLOTTE NC S466278617429566 CARD 1412"
"10/06/2016","-3.70","*","","PURCHASE AUTHORIZED ON 10/04 COOK OUT ROCK HILL SC S466278597581716 CARD 1412"
"10/06/2016","100.00","*","","ATM CHECK DEPOSIT ON 10/06 801 KENILWORTH AVE CHARLOTTE NC 0005647 ATM ID 6708C CARD 1412"
"10/05/2016","-5.98","*","","PURCHASE AUTHORIZED ON 10/04 HARRIS TEETER #370 FORT MILL SC S386278460923093 CARD 1412"
"10/05/2016","-4.89","*","","PURCHASE AUTHORIZED ON 10/03 WENDYS 57 FORT MILL SC S586277617692797 CARD 1412"
"10/04/2016","-10.00","*","","PURCHASE AUTHORIZED ON 10/04 SHELL Service Station CHARLOTTE NC P00586278807661871 CARD 1412"
"10/04/2016","-0.81","*","","PURCHASE AUTHORIZED ON 10/04 RITE AID STORE - 11473 CHARLOTTE NC P00386278796220003 CARD 1412"
"10/04/2016","-1.98","*","","PURCHASE AUTHORIZED ON 10/04 WALGREENS STORE 1250 T FORT MILL SC P00386278586655553 CARD 1412"
"10/04/2016","-25.00","*","","RECURRING TRANSFER TO BATTLE J WAY2SAVE SAVINGS REF #OPE8Q3BSVJ XXXXXX5176"
"10/04/2016","-1.83","*","","PURCHASE AUTHORIZED ON 10/03 TRADER JOE'S #744 CHARLOTTE NC S586277806652088 CARD 1412"
"10/04/2016","-2.24","*","","PURCHASE AUTHORIZED ON 10/03 HARRIS TEETER #370 FORT MILL SC S306277430093642 CARD 1412"
"10/04/2016","25.00","*","","ONLINE TRANSFER FROM BATTLE J WAY2SAVE SAVINGS XXXXXX5176 REF #IBEXZFWSLY ON 10/04/16"
"10/03/2016","-15.01","*","","PURCHASE AUTHORIZED ON 10/02 CIRCLE K # 23928 CHARLOTTE NC P00586276824461845 CARD 1412"
"10/03/2016","-6.55","*","","PURCHASE AUTHORIZED ON 10/02 CHIPOTLE 0991 CHARLOTTE NC S466276796056537 CARD 1412"
"10/03/2016","-1.94","*","","PURCHASE AUTHORIZED ON 10/02 NESTLE TOLLHOUSE 2 CHARLOTTE NC S386276769120151 CARD 1412"
"10/03/2016","-7.01","*","","PURCHASE AUTHORIZED ON 10/02 WHOLEFDS APK #10 6610 CHARLOTTE NC P00386276642247526 CARD 1412"
"10/03/2016","-2.61","*","","PURCHASE AUTHORIZED ON 10/01 SQ *SABOR LATIN ST Charlotte NC S586275815041906 CARD 1412"
"10/03/2016","-6.60","*","","PURCHASE AUTHORIZED ON 10/01 TRADER JOE'S #744 CHARLOTTE NC S386275667310629 CARD 1412"
"10/03/2016","-15.00","*","","PURCHASE AUTHORIZED ON 10/01 7 ELEVEN 35573 CHARLOTTE NC P00000000651349209 CARD 1412"
"10/03/2016","-1.95","*","","PURCHASE AUTHORIZED ON 09/30 CHIPOTLE 1584 CHARLOTTE NC S586275066645614 CARD 1412"
"10/03/2016","-1.83","*","","PURCHASE AUTHORIZED ON 09/30 TRADER JOE'S #744 CHARLOTTE NC S306274708073372 CARD 1412"
"09/30/2016","-3.65","*","","PURCHASE AUTHORIZED ON 09/30 RITE AID STORE - 11471 CHARLOTTE NC P00586274849468008 CARD 1412"
"09/30/2016","100.00","*","","ATM CHECK DEPOSIT ON 09/30 1616 CENTRAL AVE CHARLOTTE NC 0001090 ATM ID 0970I CARD 1412"
"09/26/2016","-2.71","*","","PURCHASE AUTHORIZED ON 09/25 VIVA CHICKEN CHARLOTTE NC S586270018891731 CARD 1412"
"09/26/2016","-1.00","*","","PURCHASE AUTHORIZED ON 09/22 CITY OF CHARLOTTE CHARLOTTE NC S386266713161636 CARD 1412"
"09/23/2016","-5.13","*","","PURCHASE AUTHORIZED ON 09/22 HARRIS TEETER #370 FORT MILL SC S466266573892611 CARD 1412"
"09/21/2016","-3.70","*","","PURCHASE AUTHORIZED ON 09/19 COOK OUT ROCK HILL SC S466264072179818 CARD 1412"
"09/20/2016","-71.89","*","","PURCHASE AUTHORIZED ON 09/19 Wal-Mart Super Center TEGA CAY SC P00000000734088865 CARD 1412"
"09/20/2016","-0.67","*","","PURCHASE AUTHORIZED ON 09/19 HARRIS TEETER #370 FORT MILL SC S586264028425626 CARD 1412"
"09/19/2016","-21.77","*","","PURCHASE AUTHORIZED ON 09/19 SHELL Service Station FT MILL SC P00306264031621061 CARD 1412"
"09/19/2016","-13.18","*","","PURCHASE AUTHORIZED ON 09/17 CIRCLE K # 01507 FORT MILL SC P00466261475535063 CARD 1412"
"09/19/2016","-1.64","*","","PURCHASE AUTHORIZED ON 09/17 STARBUCKS STORE 09 ROCK HILL SC S306261429302525 CARD 1412"
"09/19/2016","-1.94","*","","PURCHASE AUTHORIZED ON 09/15 DUNKIN #341168 CHARLOTTE NC S586259485620855 CARD 1412"
"09/19/2016","-1.64","*","","PURCHASE AUTHORIZED ON 09/15 STARBUCKS STORE 09 ROCK HILL SC S466259429584160 CARD 1412"
"09/16/2016","-1.76","*","","PURCHASE AUTHORIZED ON 09/15 TRADER JOE'S #744 CHARLOTTE NC S386259604998447 CARD 1412"
"09/15/2016","-15.00","*","","PURCHASE AUTHORIZED ON 09/15 7 ELEVEN 35576 CHARLOTTE NC P00000000350078096 CARD 1412"
"09/15/2016","-3.23","*","","PURCHASE AUTHORIZED ON 09/13 DUNKIN #341168 CHARLOTTE NC S306257726208261 CARD 1412"
"09/15/2016","-1.64","*","","PURCHASE AUTHORIZED ON 09/13 STARBUCKS STORE 09 ROCK HILL SC S386257395477414 CARD 1412"
"09/14/2016","-1.41","*","","PURCHASE AUTHORIZED ON 09/13 CHIPOTLE 1584 CHARLOTTE NC S466257827163364 CARD 1412"
"09/14/2016","-8.84","*","","PURCHASE AUTHORIZED ON 09/13 TRADER JOE'S #744 CHARLOTTE NC S386257615414746 CARD 1412"
"09/14/2016","-3.01","*","","PURCHASE AUTHORIZED ON 09/12 DUNKIN #341168 CHARLOTTE NC S586256541452473 CARD 1412"
"09/14/2016","-1.77","*","","PURCHASE AUTHORIZED ON 09/12 STARBUCKS STORE 09 ROCK HILL SC S386256457854307 CARD 1412"
"09/14/2016","-1.64","*","","PURCHASE AUTHORIZED ON 09/12 STARBUCKS STORE 09 ROCK HILL SC S586256417701315 CARD 1412"
"09/13/2016","-9.98","*","","PURCHASE AUTHORIZED ON 09/13 HARRIS TE 500 MERCANTI FORT MILL SC P00000000449783694 CARD 1412"
"09/12/2016","-5.34","*","","PURCHASE AUTHORIZED ON 09/12 OFFICE DEPOT 00 5107 S CHARLOTTE NC P00466256546171522 CARD 1412"
"09/12/2016","-15.16","*","","PURCHASE AUTHORIZED ON 09/12 QUIKTRIP CORPOR ROCK HILL SC P00000000042622920 CARD 1412"
"09/12/2016","-0.70","*","","PURCHASE AUTHORIZED ON 09/11 TRADER JOE'S #744 CHARLOTTE NC S466255763794709 CARD 1412"
"09/12/2016","-5.79","*","","PURCHASE AUTHORIZED ON 09/11 TRADER JOE'S #744 CHARLOTTE NC S386255594628717 CARD 1412"
"09/12/2016","-1.60","*","","PURCHASE AUTHORIZED ON 09/10 EARTH FARE #125 CHARLOTTE NC P00000000343295679 CARD 1412"
"09/12/2016","-4.07","*","","PURCHASE AUTHORIZED ON 09/10 TRADER JOE'S #744 CHARLOTTE NC S466254774308637 CARD 1412"
"09/12/2016","-15.01","*","","PURCHASE AUTHORIZED ON 09/10 CIRCLE K # 23964 CHARLOTTE NC P00306254764391880 CARD 1412"
"09/12/2016","-1.01","*","","PURCHASE AUTHORIZED ON 09/10 THE FRESH MARKET I CHARLOTTE NC P00386254711756724 CARD 1412"
"09/12/2016","-4.39","*","","PURCHASE AUTHORIZED ON 09/09 HARRIS TEETER #370 FORT MILL SC S306254021395780 CARD 1412"
"09/12/2016","-3.90","*","","PURCHASE AUTHORIZED ON 09/09 COOK OUT ROCK HILL SC S586253854499201 CARD 1412"
"09/12/2016","-5.78","*","","PURCHASE AUTHORIZED ON 09/08 SUBWAY 0027 CHARLOTTE NC S306252691182661 CARD 1412"
"09/09/2016","-4.07","*","","PURCHASE AUTHORIZED ON 09/08 TRADER JOE'S #744 CHARLOTTE NC S306252856296136 CARD 1412"
"09/09/2016","-0.70","*","","PURCHASE AUTHORIZED ON 09/08 TRADER JOE'S #744 CHARLOTTE NC S306252661871876 CARD 1412"
"09/09/2016","-2.00","*","","PURCHASE AUTHORIZED ON 09/08 HARRIS TEETER #370 FORT MILL SC S306252422827401 CARD 1412"
"09/08/2016","-15.01","*","","PURCHASE AUTHORIZED ON 09/08 SHELL Service Station FT MILL SC P00586252633447151 CARD 1412"
"09/08/2016","-5.85","*","","PURCHASE AUTHORIZED ON 09/06 COOK OUT ROCK HILL SC S306250853320482 CARD 1412"
"09/07/2016","-9.48","*","","PURCHASE AUTHORIZED ON 09/06 HARRIS TE 500 MERCANTI FORT MILL SC P00000000156857186 CARD 1412"
"09/07/2016","-53.21","*","","PURCHASE AUTHORIZED ON 09/06 WM SUPERC Wal-Mart Sup TEGA CAY SC P00000000051091617 CARD 1412"
"09/07/2016","-1.00","*","","PURCHASE AUTHORIZED ON 09/06 CITY OF CHARLOTTE CHARLOTTE NC S466250589956363 CARD 1412"
"09/07/2016","-3.77","*","","PURCHASE AUTHORIZED ON 09/05 STARBUCKS STORE 02 CHARLOTTE NC S306249665951681 CARD 1412"
"09/06/2016","-50.99","*","","PURCHASE AUTHORIZED ON 09/06 JIFFY LUBE # 33 ROCK HILL SC P00000000552901777 CARD 1412"
"09/06/2016","-4.07","*","","PURCHASE AUTHORIZED ON 09/05 TRADER JOE'S #744 CHARLOTTE NC S466249819275482 CARD 1412"
"09/06/2016","-15.00","*","","PURCHASE AUTHORIZED ON 09/05 SHELL Service Station FT MILL SC P00386249642949600 CARD 1412"
"09/06/2016","-4.83","*","","PURCHASE AUTHORIZED ON 09/04 TRADER JOE'S #744 CHARLOTTE NC S306248797639440 CARD 1412"
"09/06/2016","-4.07","*","","PURCHASE AUTHORIZED ON 09/04 TRADER JOE'S #744 CHARLOTTE NC S466248660800495 CARD 1412"
"09/06/2016","-25.00","*","","RECURRING TRANSFER TO BATTLE J WAY2SAVE SAVINGS REF #OPEGHVDKRS XXXXXX5176"
"09/06/2016","-3.20","*","","PURCHASE AUTHORIZED ON 09/04 REDBOX *DVD RENTAL 866-733-2693 IL S386248358649885 CARD 1412"
"09/06/2016","-15.00","*","","PURCHASE AUTHORIZED ON 09/03 XPRESS SHOP #2 CHARLOTTE NC P00000000157632405 CARD 1412"
"09/06/2016","-4.58","*","","PURCHASE AUTHORIZED ON 09/03 TRADER JOE'S #744 CHARLOTTE NC S386247759665664 CARD 1412"
"09/06/2016","-1.44","*","","PURCHASE AUTHORIZED ON 09/03 7-ELEVEN CHARLOTTE NC P00000000157587768 CARD 1412"
"09/06/2016","-0.70","*","","PURCHASE AUTHORIZED ON 09/03 TRADER JOE'S #744 CHARLOTTE NC S306247697606107 CARD 1412"
"09/06/2016","-7.26","*","","PURCHASE AUTHORIZED ON 09/02 PUBLIX SUPER MAR 928 G FORT MILL SC P00306247043505832 CARD 1412"
"09/06/2016","25.00","*","","ONLINE TRANSFER FROM BATTLE J WAY2SAVE SAVINGS XXXXXX5176 REF #IBEGHVMG2P ON 09/05/16"
"09/01/2016","450.00","*","","SCHWAB BANK P2P 160901 JESSICA BATTLE JESSICA BATTLE"
"08/22/2016","-20.99","*","","PURCHASE AUTHORIZED ON 08/21 Audible US 888-283-5051 NJ S466234681545836 CARD 1412"
"08/15/2016","-4.07","*","","PURCHASE AUTHORIZED ON 08/14 NOTHING BUNDT CAKE CHARLOTTE NC S386227705788340 CARD 1412"
"08/15/2016","-3.35","*","","PURCHASE AUTHORIZED ON 08/12 FIVE GUYS--SOUTHBO CHARLOTTE NC S306225849721839 CARD 1412"
"08/15/2016","-2.48","*","","PURCHASE AUTHORIZED ON 08/11 QT 1075 9701 FORT MILL SC S466225068390619 CARD 1412"
"08/15/2016","-2.67","*","","PURCHASE AUTHORIZED ON 08/11 STARBUCKS STORE 09 ROCK HILL SC S586224716662177 CARD 1412"
"08/15/2016","-1.77","*","","PURCHASE AUTHORIZED ON 08/11 STARBUCKS STORE 09 ROCK HILL SC S386224681271718 CARD 1412"
"08/15/2016","-3.70","*","","PURCHASE AUTHORIZED ON 08/11 COOK OUT ROCK HILL SC S386224674296901 CARD 1412"
"08/11/2016","-2.14","*","","PURCHASE AUTHORIZED ON 08/09 WENDYS 53 CHARLOTTE NC S006222684979440 CARD 1412"
"08/11/2016","25.00","*","","ONLINE TRANSFER FROM BATTLE J WAY2SAVE SAVINGS XXXXXX5176 REF #IBEKDNJ8N3 ON 08/11/16"
"08/10/2016","-0.70","*","","PURCHASE AUTHORIZED ON 08/10 7-ELEVEN CHARLOTTE NC P00000000250333956 CARD 1412"
"08/10/2016","-1.79","*","","PURCHASE AUTHORIZED ON 08/08 STARBUCKS STORE 02 CHARLOTTE NC S586221731392360 CARD 1412"
"08/09/2016","-4.15","*","","PURCHASE AUTHORIZED ON 08/09 WALGREENS STORE 9428 S CHARLOTTE NC P00386222758343450 CARD 1412"
"08/08/2016","-12.31","*","","PURCHASE AUTHORIZED ON 08/07 HARRIS TE 500 MERCANTI FORT MILL SC P00000000043726278 CARD 1412"
"08/08/2016","-4.06","*","","PURCHASE AUTHORIZED ON 08/07 THE FRESH MARKET I CHARLOTTE NC P00386221009479540 CARD 1412"
"08/08/2016","-2.15","*","","PURCHASE AUTHORIZED ON 08/07 SALSARITAS 3 COTSW CHARLOTTE NC S306220660597515 CARD 1412"
"08/08/2016","-1.64","*","","PURCHASE AUTHORIZED ON 08/05 STARBUCKS STORE 09 ROCK HILL SC S386218410582663 CARD 1412"
"08/05/2016","-1.62","*","","PURCHASE AUTHORIZED ON 08/04 MCDONALD'S M7129 O ROCK HILL SC S466217540541032 CARD 1412"
"08/05/2016","-1.95","*","","PURCHASE AUTHORIZED ON 08/03 DD/BR #336908 ROCK HILL SC S586216659598037 CARD 1412"
"08/05/2016","-1.64","*","","PURCHASE AUTHORIZED ON 08/03 STARBUCKS STORE 09 FORT MILL SC S586216398706543 CARD 1412"
"08/04/2016","-9.45","*","","PURCHASE AUTHORIZED ON 08/04 HARRIS TE 500 MERCANTI FORT MILL SC P00000000141595781 CARD 1412"
"08/04/2016","-25.00","*","","RECURRING TRANSFER TO BATTLE J WAY2SAVE SAVINGS REF #OPE5SDKN8P XXXXXX5176"
"08/04/2016","-3.90","*","","PURCHASE AUTHORIZED ON 08/02 COOK OUT ROCK HILL SC S386215861040045 CARD 1412"
"08/04/2016","-1.95","*","","PURCHASE AUTHORIZED ON 08/02 DD/BR #336908 ROCK HILL SC S306215649676129 CARD 1412"
"08/03/2016","-11.00","*","","PURCHASE AUTHORIZED ON 08/02 PAYPAL *UPSTAGE 402-935-7733 CA S466216051152033 CARD 1412"
"08/02/2016","-450.00","*","","TRANSFER TO FENGI ZENGYI REF #PPEXYRWB6J AUGUST RENT"
"08/02/2016","550.00","*","","SCHWAB BANK P2P 160802 JESSICA BATTLE JESSICA BATTLE"


